Allen's swamp monkey,Yes,Yes,Yes,Yes,Yes,No,No,No,Yes,No,No
L'Hoest's monkey,Yes,Yes,Yes,Yes,Yes,No,No,No,Yes,No,No
Preuss's monkey,Yes,Yes,Yes,Yes,Yes,No,No,No,Yes,No,No
Sun-tailed monkey,Yes,Yes,Yes,Yes,Yes,No,No,No,Yes,No,No
Agile mangabey,Yes,Yes,Yes,Yes,Yes,No,No,No,Yes,No,No
Collared mangabey,Yes,Yes,Yes,Yes,Yes,No,No,No,Yes,No,No
Golden-bellied mangabey,Yes,Yes,Yes,Yes,Yes,No,No,No,Yes,No,No
Sanje mangabey,Yes,Yes,Yes,Yes,Yes,No,No,No,Yes,No,No
Sooty mangabey,Yes,Yes,Yes,Yes,Yes,No,No,No,Yes,No,No
Tana River mangabey,Yes,Yes,Yes,Yes,Yes,No,No,No,Yes,No,No
White-naped mangabey,Yes,Yes,Yes,Yes,Yes,No,No,No,Yes,No,No
Blue monkey,Yes,Yes,Yes,Yes,Yes,No,No,No,Yes,No,No
Campbell's mona monkey,Yes,Yes,Yes,Yes,Yes,No,No,No,Yes,No,No
Crested mona monkey,Yes,Yes,Yes,Yes,Yes,No,No,No,Yes,No,No
De Brazza's monkey,Yes,Yes,Yes,Yes,Yes,No,No,No,Yes,No,No
Dent's mona monkey,Yes,Yes,Yes,Yes,Yes,No,No,No,Yes,No,No
Diana monkey,Yes,Yes,Yes,Yes,Yes,No,No,No,Yes,No,No
Greater spot-nosed monkey,Yes,Yes,Yes,Yes,Yes,No,No,No,Yes,No,No
Hamlyn's monkey,Yes,Yes,Yes,Yes,Yes,No,No,No,Yes,No,No
Lesser spot-nosed monkey,Yes,Yes,Yes,Yes,Yes,No,No,No,Yes,No,No
Lesula,Yes,Yes,Yes,Yes,Yes,No,No,No,Yes,No,No
Lowe's mona monkey,Yes,Yes,Yes,Yes,Yes,No,No,No,Yes,No,No
Mona monkey,Yes,Yes,Yes,Yes,Yes,No,No,No,Yes,No,No
Moustached guenon,Yes,Yes,Yes,Yes,Yes,No,No,No,Yes,No,No
Red-eared guenon,Yes,Yes,Yes,Yes,Yes,No,No,No,Yes,No,No
Red-tailed monkey,Yes,Yes,Yes,Yes,Yes,No,No,No,Yes,No,No
Roloway monkey,Yes,Yes,Yes,Yes,Yes,No,No,No,Yes,No,No
Sclater's guenon,Yes,Yes,Yes,Yes,Yes,No,No,No,Yes,No,No
White-throated guenon,Yes,Yes,Yes,Yes,Yes,No,No,No,Yes,No,No
Wolf's mona monkey,Yes,Yes,Yes,Yes,Yes,No,No,No,Yes,No,No
Bale Mountains vervet,Yes,Yes,Yes,Yes,Yes,No,No,No,Yes,No,No
Dryas monkey,Yes,Yes,Yes,Yes,Yes,No,No,No,Yes,No,No
Green monkey,Yes,Yes,Yes,Yes,Yes,No,No,No,Yes,No,No
Grivet,Yes,Yes,Yes,Yes,Yes,No,No,No,Yes,No,No
Malbrouck,Yes,Yes,Yes,Yes,Yes,No,No,No,Yes,No,No
Tantalus monkey,Yes,Yes,Yes,Yes,Yes,No,No,No,Yes,No,No
Vervet monkey,Yes,Yes,Yes,Yes,Yes,No,No,No,Yes,No,No
Blue Nile patas monkey,Yes,Yes,Yes,Yes,Yes,No,No,No,Yes,No,No
Common patas monkey,Yes,Yes,Yes,Yes,Yes,No,No,No,Yes,No,No
Southern patas monkey,Yes,Yes,Yes,Yes,Yes,No,No,No,Yes,No,No
Black crested mangabey,Yes,Yes,Yes,Yes,Yes,No,No,No,Yes,No,No
Grey-cheeked mangabey,Yes,Yes,Yes,Yes,Yes,No,No,No,Yes,No,No
Toque macaque,Yes,Yes,Yes,Yes,Yes,No,No,No,Yes,No,No
Arunachal macaque,Yes,Yes,Yes,Yes,Yes,No,No,No,Yes,No,No
Assam macaque,Yes,Yes,Yes,Yes,Yes,No,No,No,Yes,No,No
Barbary macaque,Yes,Yes,Yes,Yes,Yes,No,No,No,Yes,No,No
Bonnet macaque,Yes,Yes,Yes,Yes,Yes,No,No,No,Yes,No,No
Booted macaque,Yes,Yes,Yes,Yes,Yes,No,No,No,Yes,No,No
Celebes crested macaque,Yes,Yes,Yes,Yes,Yes,No,No,No,Yes,No,No
Crab-eating macaque,Yes,Yes,Yes,Yes,Yes,No,No,No,Yes,No,No
Formosan rock macaque,Yes,Yes,Yes,Yes,Yes,No,No,No,Yes,No,No
Gorontalo macaque,Yes,Yes,Yes,Yes,Yes,No,No,No,Yes,No,No
Heck's macaque,Yes,Yes,Yes,Yes,Yes,No,No,No,Yes,No,No
Japanese macaque,Yes,Yes,Yes,Yes,Yes,No,No,No,Yes,No,No
Lion-tailed macaque,Yes,Yes,Yes,Yes,Yes,No,No,No,Yes,No,No
Moor macaque,Yes,Yes,Yes,Yes,Yes,No,No,No,Yes,No,No
Muna-Buton macaque,Yes,Yes,Yes,Yes,Yes,No,No,No,Yes,No,No
Northern pig-tailed macaque,Yes,Yes,Yes,Yes,Yes,No,No,No,Yes,No,No
Pagai Island macaque,Yes,Yes,Yes,Yes,Yes,No,No,No,Yes,No,No
Rhesus macaque,Yes,Yes,Yes,Yes,Yes,No,No,No,Yes,No,No
Siberut macaque,Yes,Yes,Yes,Yes,Yes,No,No,No,Yes,No,No
Southern pig-tailed macaque,Yes,Yes,Yes,Yes,Yes,No,No,No,Yes,No,No
Stump-tailed macaque,Yes,Yes,Yes,Yes,Yes,No,No,No,Yes,No,No
Tibetan macaque,Yes,Yes,Yes,Yes,Yes,No,No,No,Yes,No,No
Tonkean macaque,Yes,Yes,Yes,Yes,Yes,No,No,No,Yes,No,No
White-cheeked macaque,Yes,Yes,Yes,Yes,Yes,No,No,No,Yes,No,No
Drill,Yes,Yes,Yes,Yes,Yes,No,No,No,Yes,No,No
Mandrill,Yes,Yes,Yes,Yes,Yes,No,No,No,Yes,No,No
Angolan talapoin,Yes,Yes,Yes,Yes,Yes,No,No,No,Yes,No,No
Gabon talapoin,Yes,Yes,Yes,Yes,Yes,No,No,No,Yes,No,No
Chacma baboon,Yes,Yes,Yes,Yes,Yes,No,No,No,Yes,No,No
Guinea baboon,Yes,Yes,Yes,Yes,Yes,No,No,No,Yes,No,No
Hamadryas baboon,Yes,Yes,Yes,Yes,Yes,No,No,No,Yes,No,No
Kinda baboon,Yes,Yes,Yes,Yes,Yes,No,No,No,Yes,No,No
Olive baboon,Yes,Yes,Yes,Yes,Yes,No,No,No,Yes,No,No
Yellow baboon,Yes,Yes,Yes,Yes,Yes,No,No,No,Yes,No,No
Kipunji,Yes,Yes,Yes,Yes,Yes,No,No,No,Yes,No,No
Gelada,Yes,Yes,Yes,Yes,Yes,No,No,No,Yes,No,No
Angola colobus,Yes,Yes,Yes,Yes,Yes,No,No,No,Yes,No,No
Black colobus,Yes,Yes,Yes,Yes,Yes,No,No,No,Yes,No,No
King colobus,Yes,Yes,Yes,Yes,Yes,No,No,No,Yes,No,No
Mantled guereza,Yes,Yes,Yes,Yes,Yes,No,No,No,Yes,No,No
Ursine colobus,Yes,Yes,Yes,Yes,Yes,No,No,No,Yes,No,No
Proboscis monkey,Yes,Yes,Yes,Yes,Yes,No,No,No,Yes,No,No
Bouvier's red colobus,Yes,Yes,Yes,Yes,Yes,No,No,No,Yes,No,No
Foa's red colobus,Yes,Yes,Yes,Yes,Yes,No,No,No,Yes,No,No
Lomami red colobus,Yes,Yes,Yes,Yes,Yes,No,No,No,Yes,No,No
Lang's red colobus,Yes,Yes,Yes,Yes,Yes,No,No,No,Yes,No,No
Miss Waldron's red colobus,Yes,Yes,Yes,Yes,Yes,No,No,No,Yes,No,No
Niger Delta red colobus,Yes,Yes,Yes,Yes,Yes,No,No,No,Yes,No,No
Oustalet's red colobus,Yes,Yes,Yes,Yes,Yes,No,No,No,Yes,No,No
Pennant's colobus,Yes,Yes,Yes,Yes,Yes,No,No,No,Yes,No,No
Preuss's red colobus,Yes,Yes,Yes,Yes,Yes,No,No,No,Yes,No,No
Semliki red colobus,Yes,Yes,Yes,Yes,Yes,No,No,No,Yes,No,No
Tana River red colobus,Yes,Yes,Yes,Yes,Yes,No,No,No,Yes,No,No
Thollon's red colobus,Yes,Yes,Yes,Yes,Yes,No,No,No,Yes,No,No
Udzungwa red colobus,Yes,Yes,Yes,Yes,Yes,No,No,No,Yes,No,No
Ugandan red colobus,Yes,Yes,Yes,Yes,Yes,No,No,No,Yes,No,No
Western red colobus,Yes,Yes,Yes,Yes,Yes,No,No,No,Yes,No,No
Zanzibar red colobus,Yes,Yes,Yes,Yes,Yes,No,No,No,Yes,No,No
Black Sumatran langur,Yes,Yes,Yes,Yes,Yes,No,No,No,Yes,No,No
Black-crested Sumatran langur,Yes,Yes,Yes,Yes,Yes,No,No,No,Yes,No,No
Black-and-white langur,Yes,Yes,Yes,Yes,Yes,No,No,No,Yes,No,No
East Sumatran banded langur,Yes,Yes,Yes,Yes,Yes,No,No,No,Yes,No,No
Hose's langur,Yes,Yes,Yes,Yes,Yes,No,No,No,Yes,No,No
Javan surili,Yes,Yes,Yes,Yes,Yes,No,No,No,Yes,No,No
Maroon leaf monkey,Yes,Yes,Yes,Yes,Yes,No,No,No,Yes,No,No
Siberut langur,Yes,Yes,Yes,Yes,Yes,No,No,No,Yes,No,No
Mentawai langur,Yes,Yes,Yes,Yes,Yes,No,No,No,Yes,No,No
Miller's langur,Yes,Yes,Yes,Yes,Yes,No,No,No,Yes,No,No
Mitered langur,Yes,Yes,Yes,Yes,Yes,No,No,No,Yes,No,No
Natuna Island surili,Yes,Yes,Yes,Yes,Yes,No,No,No,Yes,No,No
Raffles' banded langur,Yes,Yes,Yes,Yes,Yes,No,No,No,Yes,No,No
Robinson's banded langur,Yes,Yes,Yes,Yes,Yes,No,No,No,Yes,No,No
Sabah grizzled langur,Yes,Yes,Yes,Yes,Yes,No,No,No,Yes,No,No
Sarawak surili,Yes,Yes,Yes,Yes,Yes,No,No,No,Yes,No,No
Thomas's langur,Yes,Yes,Yes,Yes,Yes,No,No,No,Yes,No,No
White-fronted surili,Yes,Yes,Yes,Yes,Yes,No,No,No,Yes,No,No
Olive colobus,Yes,Yes,Yes,Yes,Yes,No,No,No,Yes,No,No
Black-shanked douc,Yes,Yes,Yes,Yes,Yes,No,No,No,Yes,No,No
Gray-shanked douc,Yes,Yes,Yes,Yes,Yes,No,No,No,Yes,No,No
Red-shanked douc,Yes,Yes,Yes,Yes,Yes,No,No,No,Yes,No,No
Black-and-white snub-nosed monkey,Yes,Yes,Yes,Yes,Yes,No,No,No,Yes,No,No
Golden snub-nosed monkey,Yes,Yes,Yes,Yes,Yes,No,No,No,Yes,No,No
Gray snub-nosed monkey,Yes,Yes,Yes,Yes,Yes,No,No,No,Yes,No,No
Myanmar snub-nosed monkey,Yes,Yes,Yes,Yes,Yes,No,No,No,Yes,No,No
Tonkin snub-nosed monkey,Yes,Yes,Yes,Yes,Yes,No,No,No,Yes,No,No
Black-footed gray langur,Yes,Yes,Yes,Yes,Yes,No,No,No,Yes,No,No
Kashmir gray langur,Yes,Yes,Yes,Yes,Yes,No,No,No,Yes,No,No
Nepal gray langur,Yes,Yes,Yes,Yes,Yes,No,No,No,Yes,No,No
Nilgiri langur,Yes,Yes,Yes,Yes,Yes,No,No,No,Yes,No,No
Northern plains gray langur,Yes,Yes,Yes,Yes,Yes,No,No,No,Yes,No,No
Tarai gray langur,Yes,Yes,Yes,Yes,Yes,No,No,No,Yes,No,No
Tufted gray langur,Yes,Yes,Yes,Yes,Yes,No,No,No,Yes,No,No
Purple-faced langur,Yes,Yes,Yes,Yes,Yes,No,No,No,Yes,No,No
Pig-tailed langur,Yes,Yes,Yes,Yes,Yes,No,No,No,Yes,No,No
Annamese langur,Yes,Yes,Yes,Yes,Yes,No,No,No,Yes,No,No
Capped langur,Yes,Yes,Yes,Yes,Yes,No,No,No,Yes,No,No
Cat Ba langur,Yes,Yes,Yes,Yes,Yes,No,No,No,Yes,No,No
Delacour's langur,Yes,Yes,Yes,Yes,Yes,No,No,No,Yes,No,No
Dusky leaf monkey,Yes,Yes,Yes,Yes,Yes,No,No,No,Yes,No,No
East Javan langur,Yes,Yes,Yes,Yes,Yes,No,No,No,Yes,No,No
François' langur,Yes,Yes,Yes,Yes,Yes,No,No,No,Yes,No,No
Gee's golden langur,Yes,Yes,Yes,Yes,Yes,No,No,No,Yes,No,No
Germain's langur,Yes,Yes,Yes,Yes,Yes,No,No,No,Yes,No,No
Hatinh langur,Yes,Yes,Yes,Yes,Yes,No,No,No,Yes,No,No
Indochinese black langur,Yes,Yes,Yes,Yes,Yes,No,No,No,Yes,No,No
Indochinese grey langur,Yes,Yes,Yes,Yes,Yes,No,No,No,Yes,No,No
Laotian langur,Yes,Yes,Yes,Yes,Yes,No,No,No,Yes,No,No
Phayre's leaf monkey,Yes,Yes,Yes,Yes,Yes,No,No,No,Yes,No,No
Popa langur,Yes,Yes,Yes,Yes,Yes,No,No,No,Yes,No,No
Shortridge's langur,Yes,Yes,Yes,Yes,Yes,No,No,No,Yes,No,No
Selangor silvered langur,Yes,Yes,Yes,Yes,Yes,No,No,No,Yes,No,No
Silvery lutung,Yes,Yes,Yes,Yes,Yes,No,No,No,Yes,No,No
Tenasserim lutung,Yes,Yes,Yes,Yes,Yes,No,No,No,Yes,No,No
West Javan langur,Yes,Yes,Yes,Yes,Yes,No,No,No,Yes,No,No
White-headed langur,Yes,Yes,Yes,Yes,Yes,No,No,No,Yes,No,No
Eastern gorilla,Yes,Yes,Yes,Yes,Yes,Yes,No,No,No,Yes,No
Western gorilla,Yes,Yes,Yes,Yes,Yes,Yes,No,No,No,Yes,No
Human,Yes,Yes,Yes,Yes,Yes,Yes,No,No,No,Yes,No
Bonobo,Yes,Yes,Yes,Yes,Yes,Yes,No,No,No,Yes,No
Chimpanzee,Yes,Yes,Yes,Yes,Yes,Yes,No,No,No,Yes,No
Bornean orangutan,Yes,Yes,Yes,Yes,Yes,Yes,No,No,No,Yes,No
Sumatran orangutan,Yes,Yes,Yes,Yes,Yes,Yes,No,No,No,Yes,No
Tapanuli orangutan,Yes,Yes,Yes,Yes,Yes,Yes,No,No,No,Yes,No
Eastern hoolock gibbon,Yes,Yes,Yes,Yes,Yes,Yes,No,No,No,Yes,No
Skywalker hoolock gibbon,Yes,Yes,Yes,Yes,Yes,Yes,No,No,No,Yes,No
Western hoolock gibbon,Yes,Yes,Yes,Yes,Yes,Yes,No,No,No,Yes,No
Agile gibbon,Yes,Yes,Yes,Yes,Yes,Yes,No,No,No,Yes,No
Bornean white-bearded gibbon,Yes,Yes,Yes,Yes,Yes,Yes,No,No,No,Yes,No
Eastern grey gibbon,Yes,Yes,Yes,Yes,Yes,Yes,No,No,No,Yes,No
Kloss's gibbon,Yes,Yes,Yes,Yes,Yes,Yes,No,No,No,Yes,No
Lar gibbon,Yes,Yes,Yes,Yes,Yes,Yes,No,No,No,Yes,No
Müller's gibbon,Yes,Yes,Yes,Yes,Yes,Yes,No,No,No,Yes,No
Pileated gibbon,Yes,Yes,Yes,Yes,Yes,Yes,No,No,No,Yes,No
Silvery gibbon,Yes,Yes,Yes,Yes,Yes,Yes,No,No,No,Yes,No
Western grey gibbon,Yes,Yes,Yes,Yes,Yes,Yes,No,No,No,Yes,No
Black crested gibbon,Yes,Yes,Yes,Yes,Yes,Yes,No,No,No,Yes,No
Eastern black crested gibbon,Yes,Yes,Yes,Yes,Yes,Yes,No,No,No,Yes,No
Hainan black crested gibbon,Yes,Yes,Yes,Yes,Yes,Yes,No,No,No,Yes,No
Northern buffed-cheeked gibbon,Yes,Yes,Yes,Yes,Yes,Yes,No,No,No,Yes,No
Northern white-cheeked gibbon,Yes,Yes,Yes,Yes,Yes,Yes,No,No,No,Yes,No
Southern white-cheeked gibbon,Yes,Yes,Yes,Yes,Yes,Yes,No,No,No,Yes,No
Yellow-cheeked gibbon,Yes,Yes,Yes,Yes,Yes,Yes,No,No,No,Yes,No
Siamang,Yes,Yes,Yes,Yes,Yes,Yes,No,No,No,Yes,No
Azara's night monkey,Yes,Yes,Yes,Yes,Yes,No,No,No,No,No,No
Black-headed night monkey,Yes,Yes,Yes,Yes,Yes,No,No,No,No,No,No
Brumback's night monkey,Yes,Yes,Yes,Yes,Yes,No,No,No,No,No,No
Gray-bellied night monkey,Yes,Yes,Yes,Yes,Yes,No,No,No,No,No,No
Gray-handed night monkey,Yes,Yes,Yes,Yes,Yes,No,No,No,No,No,No
Hernández-Camacho's night monkey,Yes,Yes,Yes,Yes,Yes,No,No,No,No,No,No
Nancy Ma's night monkey,Yes,Yes,Yes,Yes,Yes,No,No,No,No,No,No
Panamanian night monkey,Yes,Yes,Yes,Yes,Yes,No,No,No,No,No,No
Peruvian night monkey,Yes,Yes,Yes,Yes,Yes,No,No,No,No,No,No
Spix's night monkey,Yes,Yes,Yes,Yes,Yes,No,No,No,No,No,No
Three-striped night monkey,Yes,Yes,Yes,Yes,Yes,No,No,No,No,No,No
Amazon black howler,Yes,Yes,Yes,Yes,Yes,No,No,No,No,No,No
Black howler,Yes,Yes,Yes,Yes,Yes,No,No,No,No,No,No
Bolivian red howler,Yes,Yes,Yes,Yes,Yes,No,No,No,No,No,No
Brown howler,Yes,Yes,Yes,Yes,Yes,No,No,No,No,No,No
Colombian red howler,Yes,Yes,Yes,Yes,Yes,No,No,No,No,No,No
Guyanan red howler,Yes,Yes,Yes,Yes,Yes,No,No,No,No,No,No
Mantled howler,Yes,Yes,Yes,Yes,Yes,No,No,No,No,No,No
Maranhão red-handed howler,Yes,Yes,Yes,Yes,Yes,No,No,No,No,No,No
Red-handed howler,Yes,Yes,Yes,Yes,Yes,No,No,No,No,No,No
Spix's red-handed howler,Yes,Yes,Yes,Yes,Yes,No,No,No,No,No,No
Ursine howler,Yes,Yes,Yes,Yes,Yes,No,No,No,No,No,No
Yucatán black howler,Yes,Yes,Yes,Yes,Yes,No,No,No,No,No,No
Black-headed spider monkey,Yes,Yes,Yes,Yes,Yes,No,No,No,No,No,No
Brown spider monkey,Yes,Yes,Yes,Yes,Yes,No,No,No,No,No,No
Geoffroy's spider monkey,Yes,Yes,Yes,Yes,Yes,No,No,No,No,No,No
Peruvian spider monkey,Yes,Yes,Yes,Yes,Yes,No,No,No,No,No,No
Red-faced spider monkey,Yes,Yes,Yes,Yes,Yes,No,No,No,No,No,No
White-bellied spider monkey,Yes,Yes,Yes,Yes,Yes,No,No,No,No,No,No
White-cheeked spider monkey,Yes,Yes,Yes,Yes,Yes,No,No,No,No,No,No
Northern muriqui,Yes,Yes,Yes,Yes,Yes,No,No,No,No,No,No
Southern muriqui,Yes,Yes,Yes,Yes,Yes,No,No,No,No,No,No
Common woolly monkey,Yes,Yes,Yes,Yes,Yes,No,No,No,No,No,No
Yellow-tailed woolly monkey,Yes,Yes,Yes,Yes,Yes,No,No,No,No,No,No
Goeldi's marmoset,Yes,Yes,Yes,Yes,Yes,No,No,No,No,No,No
Black-tufted marmoset,Yes,Yes,Yes,Yes,Yes,No,No,No,No,No,No
Buffy-headed marmoset,Yes,Yes,Yes,Yes,Yes,No,No,No,No,No,No
Buffy-tufted marmoset,Yes,Yes,Yes,Yes,Yes,No,No,No,No,No,No
Common marmoset,Yes,Yes,Yes,Yes,Yes,No,No,No,No,No,No
White-headed marmoset,Yes,Yes,Yes,Yes,Yes,No,No,No,No,No,No
Wied's marmoset,Yes,Yes,Yes,Yes,Yes,No,No,No,No,No,No
Eastern pygmy marmoset,Yes,Yes,Yes,Yes,Yes,No,No,No,No,No,No
Western pygmy marmoset,Yes,Yes,Yes,Yes,Yes,No,No,No,No,No,No
Andean saddle-back tamarin,Yes,Yes,Yes,Yes,Yes,No,No,No,No,No,No
Cruz Lima's saddle-back tamarin,Yes,Yes,Yes,Yes,Yes,No,No,No,No,No,No
Geoffroy's saddle-back tamarin,Yes,Yes,Yes,Yes,Yes,No,No,No,No,No,No
Illiger's saddle-back tamarin,Yes,Yes,Yes,Yes,Yes,No,No,No,No,No,No
Lesson's saddle-back tamarin,Yes,Yes,Yes,Yes,Yes,No,No,No,No,No,No
Red-mantled saddle-back tamarin,Yes,Yes,Yes,Yes,Yes,No,No,No,No,No,No
Weddell's saddle-back tamarin,Yes,Yes,Yes,Yes,Yes,No,No,No,No,No,No
Black lion tamarin,Yes,Yes,Yes,Yes,Yes,No,No,No,No,No,No
Golden lion tamarin,Yes,Yes,Yes,Yes,Yes,No,No,No,No,No,No
Golden-headed lion tamarin,Yes,Yes,Yes,Yes,Yes,No,No,No,No,No,No
Superagüi lion tamarin,Yes,Yes,Yes,Yes,Yes,No,No,No,No,No,No
Black-headed marmoset,Yes,Yes,Yes,Yes,Yes,No,No,No,No,No,No
Black-tailed marmoset,Yes,Yes,Yes,Yes,Yes,No,No,No,No,No,No
Emilia's marmoset,Yes,Yes,Yes,Yes,Yes,No,No,No,No,No,No
Gold-and-white marmoset,Yes,Yes,Yes,Yes,Yes,No,No,No,No,No,No
Hershkovitz's marmoset,Yes,Yes,Yes,Yes,Yes,No,No,No,No,No,No
Marca's marmoset,Yes,Yes,Yes,Yes,Yes,No,No,No,No,No,No
Maués marmoset,Yes,Yes,Yes,Yes,Yes,No,No,No,No,No,No
Munduruku marmoset,Yes,Yes,Yes,Yes,Yes,No,No,No,No,No,No
Rio Acarí marmoset,Yes,Yes,Yes,Yes,Yes,No,No,No,No,No,No
Rondon's marmoset,Yes,Yes,Yes,Yes,Yes,No,No,No,No,No,No
Roosmalens' dwarf marmoset,Yes,Yes,Yes,Yes,Yes,No,No,No,No,No,No
Santarem marmoset,Yes,Yes,Yes,Yes,Yes,No,No,No,No,No,No
Satéré marmoset,Yes,Yes,Yes,Yes,Yes,No,No,No,No,No,No
Schneider's marmoset,Yes,Yes,Yes,Yes,Yes,No,No,No,No,No,No
Silvery marmoset,Yes,Yes,Yes,Yes,Yes,No,No,No,No,No,No
White marmoset,Yes,Yes,Yes,Yes,Yes,No,No,No,No,No,No
Brown-mantled tamarin,Yes,Yes,Yes,Yes,Yes,No,No,No,No,No,No
Black-mantled tamarin,Yes,Yes,Yes,Yes,Yes,No,No,No,No,No,No
Black tamarin,Yes,Yes,Yes,Yes,Yes,No,No,No,No,No,No
Cotton-top tamarin,Yes,Yes,Yes,Yes,Yes,No,No,No,No,No,No
Eastern black-handed tamarin,Yes,Yes,Yes,Yes,Yes,No,No,No,No,No,No
Emperor tamarin,Yes,Yes,Yes,Yes,Yes,No,No,No,No,No,No
Geoffroy's tamarin,Yes,Yes,Yes,Yes,Yes,No,No,No,No,No,No
Golden-handed tamarin,Yes,Yes,Yes,Yes,Yes,No,No,No,No,No,No
Golden-mantled tamarin,Yes,Yes,Yes,Yes,Yes,No,No,No,No,No,No
Martins's tamarin,Yes,Yes,Yes,Yes,Yes,No,No,No,No,No,No
Mottle-faced tamarin,Yes,Yes,Yes,Yes,Yes,No,No,No,No,No,No
Moustached tamarin,Yes,Yes,Yes,Yes,Yes,No,No,No,No,No,No
Pied tamarin,Yes,Yes,Yes,Yes,Yes,No,No,No,No,No,No
Red-capped tamarin,Yes,Yes,Yes,Yes,Yes,No,No,No,No,No,No
White-footed tamarin,Yes,Yes,Yes,Yes,Yes,No,No,No,No,No,No
White-lipped tamarin,Yes,Yes,Yes,Yes,Yes,No,No,No,No,No,No
White-mantled tamarin,Yes,Yes,Yes,Yes,Yes,No,No,No,No,No,No
Colombian white-faced capuchin,Yes,Yes,Yes,Yes,Yes,No,No,No,No,No,No
Kaapori capuchin,Yes,Yes,Yes,Yes,Yes,No,No,No,No,No,No
Wedge-capped capuchin,Yes,Yes,Yes,Yes,Yes,No,No,No,No,No,No
Humboldt's white-fronted capuchin,Yes,Yes,Yes,Yes,Yes,No,No,No,No,No,No
Black capuchin,Yes,Yes,Yes,Yes,Yes,No,No,No,No,No,No
Azaras's capuchin,Yes,Yes,Yes,Yes,Yes,No,No,No,No,No,No
Black-striped capuchin,Yes,Yes,Yes,Yes,Yes,No,No,No,No,No,No
Blond capuchin,Yes,Yes,Yes,Yes,Yes,No,No,No,No,No,No
Crested capuchin,Yes,Yes,Yes,Yes,Yes,No,No,No,No,No,No
Golden-bellied capuchin,Yes,Yes,Yes,Yes,Yes,No,No,No,No,No,No
Tufted capuchin,Yes,Yes,Yes,Yes,Yes,No,No,No,No,No,No
Bare-eared squirrel monkey,Yes,Yes,Yes,Yes,Yes,No,No,No,No,No,No
Black squirrel monkey,Yes,Yes,Yes,Yes,Yes,No,No,No,No,No,No
Black-capped squirrel monkey,Yes,Yes,Yes,Yes,Yes,No,No,No,No,No,No
Central American squirrel monkey,Yes,Yes,Yes,Yes,Yes,No,No,No,No,No,No
Collins' squirrel monkey,Yes,Yes,Yes,Yes,Yes,No,No,No,No,No,No
Guianan squirrel monkey,Yes,Yes,Yes,Yes,Yes,No,No,No,No,No,No
Humboldt's squirrel monkey,Yes,Yes,Yes,Yes,Yes,No,No,No,No,No,No
Atlantic titi monkey,Yes,Yes,Yes,Yes,Yes,No,No,No,No,No,No
Barbara Brown's titi monkey,Yes,Yes,Yes,Yes,Yes,No,No,No,No,No,No
Black-fronted titi monkey,Yes,Yes,Yes,Yes,Yes,No,No,No,No,No,No
Coastal black-handed titi monkey,Yes,Yes,Yes,Yes,Yes,No,No,No,No,No,No
Coimbra Filho's titi monkey,Yes,Yes,Yes,Yes,Yes,No,No,No,No,No,No
Black titi monkey,Yes,Yes,Yes,Yes,Yes,No,No,No,No,No,No
Collared titi monkey,Yes,Yes,Yes,Yes,Yes,No,No,No,No,No,No
Colombian black-handed titi monkey,Yes,Yes,Yes,Yes,Yes,No,No,No,No,No,No
Lucifer titi monkey,Yes,Yes,Yes,Yes,Yes,No,No,No,No,No,No
Red-headed titi monkey,Yes,Yes,Yes,Yes,Yes,No,No,No,No,No,No
Ashy black titi monkey,Yes,Yes,Yes,Yes,Yes,No,No,No,No,No,No
Baptista Lake titi monkey,Yes,Yes,Yes,Yes,Yes,No,No,No,No,No,No
Brown titi monkey,Yes,Yes,Yes,Yes,Yes,No,No,No,No,No,No
Caquetá titi monkey,Yes,Yes,Yes,Yes,Yes,No,No,No,No,No,No
Chestnut-bellied titi monkey,Yes,Yes,Yes,Yes,Yes,No,No,No,No,No,No
Coppery titi monkey,Yes,Yes,Yes,Yes,Yes,No,No,No,No,No,No
Hershkovitz's titi monkey,Yes,Yes,Yes,Yes,Yes,No,No,No,No,No,No
Hoffmanns's titi monkey,Yes,Yes,Yes,Yes,Yes,No,No,No,No,No,No
Madidi titi monkey,Yes,Yes,Yes,Yes,Yes,No,No,No,No,No,No
Milton's titi monkey,Yes,Yes,Yes,Yes,Yes,No,No,No,No,No,No
Olalla brothers' titi monkey,Yes,Yes,Yes,Yes,Yes,No,No,No,No,No,No
Ornate titi monkey,Yes,Yes,Yes,Yes,Yes,No,No,No,No,No,No
Prince Bernhard's titi monkey,Yes,Yes,Yes,Yes,Yes,No,No,No,No,No,No
Red-bellied titi monkey,Yes,Yes,Yes,Yes,Yes,No,No,No,No,No,No
Rio Beni titi monkey,Yes,Yes,Yes,Yes,Yes,No,No,No,No,No,No
Rio Mayo titi monkey,Yes,Yes,Yes,Yes,Yes,No,No,No,No,No,No
Stephen Nash's titi monkey,Yes,Yes,Yes,Yes,Yes,No,No,No,No,No,No
Toppin's titi monkey,Yes,Yes,Yes,Yes,Yes,No,No,No,No,No,No
Urubamba brown titi monkey,Yes,Yes,Yes,Yes,Yes,No,No,No,No,No,No
Vieira's titi monkey,Yes,Yes,Yes,Yes,Yes,No,No,No,No,No,No
White-coated titi monkey,Yes,Yes,Yes,Yes,Yes,No,No,No,No,No,No
White-eared titi monkey,Yes,Yes,Yes,Yes,Yes,No,No,No,No,No,No
White-tailed titi monkey,Yes,Yes,Yes,Yes,Yes,No,No,No,No,No,No
Aracá uakari,Yes,Yes,Yes,Yes,Yes,No,No,No,No,No,No
Bald uakari,Yes,Yes,Yes,Yes,Yes,No,No,No,No,No,No
Golden-backed uakari,Yes,Yes,Yes,Yes,Yes,No,No,No,No,No,No
Neblina uakari,Yes,Yes,Yes,Yes,Yes,No,No,No,No,No,No
Black bearded saki,Yes,Yes,Yes,Yes,Yes,No,No,No,No,No,No
Reddish-brown bearded saki,Yes,Yes,Yes,Yes,Yes,No,No,No,No,No,No
Red-backed bearded saki,Yes,Yes,Yes,Yes,Yes,No,No,No,No,No,No
Uta Hick's bearded saki,Yes,Yes,Yes,Yes,Yes,No,No,No,No,No,No
White-nosed saki,Yes,Yes,Yes,Yes,Yes,No,No,No,No,No,No
Burnished saki,Yes,Yes,Yes,Yes,Yes,No,No,No,No,No,No
Cazuza's saki,Yes,Yes,Yes,Yes,Yes,No,No,No,No,No,No
Equatorial saki,Yes,Yes,Yes,Yes,Yes,No,No,No,No,No,No
Golden-faced saki,Yes,Yes,Yes,Yes,Yes,No,No,No,No,No,No
Hairy saki,Yes,Yes,Yes,Yes,Yes,No,No,No,No,No,No
Isabel's saki,Yes,Yes,Yes,Yes,Yes,No,No,No,No,No,No
Miller's saki,Yes,Yes,Yes,Yes,Yes,No,No,No,No,No,No
Monk saki,Yes,Yes,Yes,Yes,Yes,No,No,No,No,No,No
Napo saki,Yes,Yes,Yes,Yes,Yes,No,No,No,No,No,No
Rio Tapajós saki,Yes,Yes,Yes,Yes,Yes,No,No,No,No,No,No
Vanzolini's bald-faced saki,Yes,Yes,Yes,Yes,Yes,No,No,No,No,No,No
White-faced saki,Yes,Yes,Yes,Yes,Yes,No,No,No,No,No,No
White-footed saki,Yes,Yes,Yes,Yes,Yes,No,No,No,No,No,No
Philippine tarsier,Yes,Yes,Yes,Yes,Yes,No,No,No,No,No,Yes
Horsfield's tarsier,Yes,Yes,Yes,Yes,Yes,No,No,No,No,No,Yes
Dian's tarsier,Yes,Yes,Yes,Yes,Yes,No,No,No,No,No,Yes
Gursky's spectral tarsier,Yes,Yes,Yes,Yes,Yes,No,No,No,No,No,Yes
Jatna's tarsier,Yes,Yes,Yes,Yes,Yes,No,No,No,No,No,Yes
Lariang tarsier,Yes,Yes,Yes,Yes,Yes,No,No,No,No,No,Yes
Makassar tarsier,Yes,Yes,Yes,Yes,Yes,No,No,No,No,No,Yes
Niemitz's tarsier,Yes,Yes,Yes,Yes,Yes,No,No,No,No,No,Yes
Peleng tarsier,Yes,Yes,Yes,Yes,Yes,No,No,No,No,No,Yes
Pygmy tarsier,Yes,Yes,Yes,Yes,Yes,No,No,No,No,No,Yes
Sangihe tarsier,Yes,Yes,Yes,Yes,Yes,No,No,No,No,No,Yes
Siau Island tarsier,Yes,Yes,Yes,Yes,Yes,No,No,No,No,No,Yes
Spectral tarsier,Yes,Yes,Yes,Yes,Yes,No,No,No,No,No,Yes
Wallace's tarsier,Yes,Yes,Yes,Yes,Yes,No,No,No,No,No,Yes
Northern needle-clawed bushbaby,Yes,No,Yes,Yes,Yes,No,Yes,Yes,No,No,No
Southern needle-clawed bushbaby,Yes,No,Yes,Yes,Yes,No,Yes,Yes,No,No,No
Dusky bushbaby,Yes,No,Yes,Yes,Yes,No,Yes,Yes,No,No,No
Mohol bushbaby,Yes,No,Yes,Yes,Yes,No,Yes,Yes,No,No,No
Senegal bushbaby,Yes,No,Yes,Yes,Yes,No,Yes,Yes,No,No,No
Somali bushbaby,Yes,No,Yes,Yes,Yes,No,Yes,Yes,No,No,No
Angolan dwarf galago,Yes,No,Yes,Yes,Yes,No,Yes,Yes,No,No,No
Prince Demidoff's bushbaby,Yes,No,Yes,Yes,Yes,No,Yes,Yes,No,No,No
Thomas's bushbaby,Yes,No,Yes,Yes,Yes,No,Yes,Yes,No,No,No
Brown greater galago,Yes,No,Yes,Yes,Yes,No,Yes,Yes,No,No,No
Northern greater galago,Yes,No,Yes,Yes,Yes,No,Yes,Yes,No,No,No
Grant's bushbaby,Yes,No,Yes,Yes,Yes,No,Yes,Yes,No,No,No
Kenya coast galago,Yes,No,Yes,Yes,Yes,No,Yes,Yes,No,No,No
Rondo dwarf galago,Yes,No,Yes,Yes,Yes,No,Yes,Yes,No,No,No
Uluguru bushbaby,Yes,No,Yes,Yes,Yes,No,Yes,Yes,No,No,No
Zanzibar bushbaby,Yes,No,Yes,Yes,Yes,No,Yes,Yes,No,No,No
Bioko Allen's bushbaby,Yes,No,Yes,Yes,Yes,No,Yes,Yes,No,No,No
Gabon bushbaby,Yes,No,Yes,Yes,Yes,No,Yes,Yes,No,No,No
Makandé squirrel galago,Yes,No,Yes,Yes,Yes,No,Yes,Yes,No,No,No
Gray slender loris,Yes,No,Yes,Yes,Yes,No,Yes,Yes,No,No,No
Red slender loris,Yes,No,Yes,Yes,Yes,No,Yes,Yes,No,No,No
Bangka slow loris,Yes,No,Yes,Yes,Yes,No,Yes,Yes,No,No,No
Bengal slow loris,Yes,No,Yes,Yes,Yes,No,Yes,Yes,No,No,No
Bornean slow loris,Yes,No,Yes,Yes,Yes,No,Yes,Yes,No,No,No
Javan slow loris,Yes,No,Yes,Yes,Yes,No,Yes,Yes,No,No,No
Kayan River slow loris,Yes,No,Yes,Yes,Yes,No,Yes,Yes,No,No,No
Philippine slow loris,Yes,No,Yes,Yes,Yes,No,Yes,Yes,No,No,No
Sumatran slow loris,Yes,No,Yes,Yes,Yes,No,Yes,Yes,No,No,No
Sunda slow loris,Yes,No,Yes,Yes,Yes,No,Yes,Yes,No,No,No
Pygmy slow loris,Yes,No,Yes,Yes,Yes,No,Yes,Yes,No,No,No
Calabar angwantibo,Yes,No,Yes,Yes,Yes,No,Yes,Yes,No,No,No
Golden angwantibo,Yes,No,Yes,Yes,Yes,No,Yes,Yes,No,No,No
Central African potto,Yes,No,Yes,Yes,Yes,No,Yes,Yes,No,No,No
East African potto,Yes,No,Yes,Yes,Yes,No,Yes,Yes,No,No,No
West African potto,Yes,No,Yes,Yes,Yes,No,Yes,Yes,No,No,No
Hairy-eared dwarf lemur,Yes,No,Yes,Yes,Yes,No,Yes,Yes,Yes,No,No
Ankarana dwarf lemur,Yes,No,Yes,Yes,Yes,No,Yes,Yes,Yes,No,No
Fat-tailed dwarf lemur,Yes,No,Yes,Yes,Yes,No,Yes,Yes,Yes,No,No
Furry-eared dwarf lemur,Yes,No,Yes,Yes,Yes,No,Yes,Yes,Yes,No,No
Greater dwarf lemur,Yes,No,Yes,Yes,Yes,No,Yes,Yes,Yes,No,No
Groves' dwarf lemur,Yes,No,Yes,Yes,Yes,No,Yes,Yes,Yes,No,No
Lavasoa dwarf lemur,Yes,No,Yes,Yes,Yes,No,Yes,Yes,Yes,No,No
Lesser iron-gray dwarf lemur,Yes,No,Yes,Yes,Yes,No,Yes,Yes,Yes,No,No
Montagne d'Ambre dwarf lemur,Yes,No,Yes,Yes,Yes,No,Yes,Yes,Yes,No,No
Sibree's dwarf lemur,Yes,No,Yes,Yes,Yes,No,Yes,Yes,Yes,No,No
Thomas' dwarf lemur,Yes,No,Yes,Yes,Yes,No,Yes,Yes,Yes,No,No
Anosy mouse lemur,Yes,No,Yes,Yes,Yes,No,Yes,Yes,Yes,No,No
Arnhold's mouse lemur,Yes,No,Yes,Yes,Yes,No,Yes,Yes,Yes,No,No
Bemanasy mouse lemur,Yes,No,Yes,Yes,Yes,No,Yes,Yes,Yes,No,No
Bongolava mouse lemur,Yes,No,Yes,Yes,Yes,No,Yes,Yes,Yes,No,No
Brown mouse lemur,Yes,No,Yes,Yes,Yes,No,Yes,Yes,Yes,No,No
Claire's mouse lemur,Yes,No,Yes,Yes,Yes,No,Yes,Yes,Yes,No,No
Danfoss's mouse lemur,Yes,No,Yes,Yes,Yes,No,Yes,Yes,Yes,No,No
Ganzhorn's mouse lemur,Yes,No,Yes,Yes,Yes,No,Yes,Yes,Yes,No,No
Gerp's mouse lemur,Yes,No,Yes,Yes,Yes,No,Yes,Yes,Yes,No,No
Golden-brown mouse lemur,Yes,No,Yes,Yes,Yes,No,Yes,Yes,Yes,No,No
Goodman's mouse lemur,Yes,No,Yes,Yes,Yes,No,Yes,Yes,Yes,No,No
Gray mouse lemur,Yes,No,Yes,Yes,Yes,No,Yes,Yes,Yes,No,No
Jolly's mouse lemur,Yes,No,Yes,Yes,Yes,No,Yes,Yes,Yes,No,No
MacArthur's mouse lemur,Yes,No,Yes,Yes,Yes,No,Yes,Yes,Yes,No,No
Madame Berthe's mouse lemur,Yes,No,Yes,Yes,Yes,No,Yes,Yes,Yes,No,No
Margot Marsh's mouse lemur,Yes,No,Yes,Yes,Yes,No,Yes,Yes,Yes,No,No
Marohita mouse lemur,Yes,No,Yes,Yes,Yes,No,Yes,Yes,Yes,No,No
Jonah's mouse lemur,Yes,No,Yes,Yes,Yes,No,Yes,Yes,Yes,No,No
Northern rufous mouse lemur,Yes,No,Yes,Yes,Yes,No,Yes,Yes,Yes,No,No
Nosy Boraha mouse lemur,Yes,No,Yes,Yes,Yes,No,Yes,Yes,Yes,No,No
Pygmy mouse lemur,Yes,No,Yes,Yes,Yes,No,Yes,Yes,Yes,No,No
Reddish-gray mouse lemur,Yes,No,Yes,Yes,Yes,No,Yes,Yes,Yes,No,No
Sambirano mouse lemur,Yes,No,Yes,Yes,Yes,No,Yes,Yes,Yes,No,No
Simmons' mouse lemur,Yes,No,Yes,Yes,Yes,No,Yes,Yes,Yes,No,No
Coquerel's giant mouse lemur,Yes,No,Yes,Yes,Yes,No,Yes,Yes,Yes,No,No
Northern giant mouse lemur,Yes,No,Yes,Yes,Yes,No,Yes,Yes,Yes,No,No
Amber Mountain fork-marked lemur,Yes,No,Yes,Yes,Yes,No,Yes,Yes,Yes,No,No
Masoala fork-marked lemur,Yes,No,Yes,Yes,Yes,No,Yes,Yes,Yes,No,No
Pale fork-marked lemur,Yes,No,Yes,Yes,Yes,No,Yes,Yes,Yes,No,No
Pariente's fork-marked lemur,Yes,No,Yes,Yes,Yes,No,Yes,Yes,Yes,No,No
Aye-aye,Yes,No,Yes,Yes,Yes,No,Yes,Yes,Yes,No,No
Bemaraha woolly lemur,Yes,No,Yes,Yes,Yes,No,Yes,Yes,Yes,No,No
Betsileo woolly lemur,Yes,No,Yes,Yes,Yes,No,Yes,Yes,Yes,No,No
Eastern woolly lemur,Yes,No,Yes,Yes,Yes,No,Yes,Yes,Yes,No,No
Moore's woolly lemur,Yes,No,Yes,Yes,Yes,No,Yes,Yes,Yes,No,No
Peyrieras's woolly lemur,Yes,No,Yes,Yes,Yes,No,Yes,Yes,Yes,No,No
Ramanantsoavana's woolly lemur,Yes,No,Yes,Yes,Yes,No,Yes,Yes,Yes,No,No
Sambirano woolly lemur,Yes,No,Yes,Yes,Yes,No,Yes,Yes,Yes,No,No
Southern woolly lemur,Yes,No,Yes,Yes,Yes,No,Yes,Yes,Yes,No,No
Western woolly lemur,Yes,No,Yes,Yes,Yes,No,Yes,Yes,Yes,No,No
Indri,Yes,No,Yes,Yes,Yes,No,Yes,Yes,Yes,No,No
Coquerel's sifaka,Yes,No,Yes,Yes,Yes,No,Yes,Yes,Yes,No,No
Crowned sifaka,Yes,No,Yes,Yes,Yes,No,Yes,Yes,Yes,No,No
Diademed sifaka,Yes,No,Yes,Yes,Yes,No,Yes,Yes,Yes,No,No
Golden-crowned sifaka,Yes,No,Yes,Yes,Yes,No,Yes,Yes,Yes,No,No
Milne-Edwards's sifaka,Yes,No,Yes,Yes,Yes,No,Yes,Yes,Yes,No,No
Perrier's sifaka,Yes,No,Yes,Yes,Yes,No,Yes,Yes,Yes,No,No
Silky sifaka,Yes,No,Yes,Yes,Yes,No,Yes,Yes,Yes,No,No
Verreaux's sifaka,Yes,No,Yes,Yes,Yes,No,Yes,Yes,Yes,No,No
Von der Decken's sifaka,Yes,No,Yes,Yes,Yes,No,Yes,Yes,Yes,No,No
Black lemur,Yes,No,Yes,Yes,Yes,No,Yes,Yes,Yes,No,No
Blue-eyed black lemur,Yes,No,Yes,Yes,Yes,No,Yes,Yes,Yes,No,No
Collared brown lemur,Yes,No,Yes,Yes,Yes,No,Yes,Yes,Yes,No,No
Common brown lemur,Yes,No,Yes,Yes,Yes,No,Yes,Yes,Yes,No,No
Crowned lemur,Yes,No,Yes,Yes,Yes,No,Yes,Yes,Yes,No,No
Gray-headed lemur,Yes,No,Yes,Yes,Yes,No,Yes,Yes,Yes,No,No
Mongoose lemur,Yes,No,Yes,Yes,Yes,No,Yes,Yes,Yes,No,No
Red lemur,Yes,No,Yes,Yes,Yes,No,Yes,Yes,Yes,No,No
Red-bellied lemur,Yes,No,Yes,Yes,Yes,No,Yes,Yes,Yes,No,No
Red-fronted lemur,Yes,No,Yes,Yes,Yes,No,Yes,Yes,Yes,No,No
Sanford's brown lemur,Yes,No,Yes,Yes,Yes,No,Yes,Yes,Yes,No,No
White-headed lemur,Yes,No,Yes,Yes,Yes,No,Yes,Yes,Yes,No,No
Eastern lesser bamboo lemur,Yes,No,Yes,Yes,Yes,No,Yes,Yes,Yes,No,No
Golden bamboo lemur,Yes,No,Yes,Yes,Yes,No,Yes,Yes,Yes,No,No
Lac Alaotra bamboo lemur,Yes,No,Yes,Yes,Yes,No,Yes,Yes,Yes,No,No
Southern lesser bamboo lemur,Yes,No,Yes,Yes,Yes,No,Yes,Yes,Yes,No,No
Western lesser bamboo lemur,Yes,No,Yes,Yes,Yes,No,Yes,Yes,Yes,No,No
Ring-tailed lemur,Yes,No,Yes,Yes,Yes,No,Yes,Yes,Yes,No,No
Greater bamboo lemur,Yes,No,Yes,Yes,Yes,No,Yes,Yes,Yes,No,No
Black-and-white ruffed lemur,Yes,No,Yes,Yes,Yes,No,Yes,Yes,Yes,No,No
Red ruffed lemur,Yes,No,Yes,Yes,Yes,No,Yes,Yes,Yes,No,No
AEECL's sportive lemur,Yes,No,Yes,Yes,Yes,No,Yes,Yes,Yes,No,No
Ahmanson's sportive lemur,Yes,No,Yes,Yes,Yes,No,Yes,Yes,Yes,No,No
Ankarana sportive lemur,Yes,No,Yes,Yes,Yes,No,Yes,Yes,Yes,No,No
Betsileo sportive lemur,Yes,No,Yes,Yes,Yes,No,Yes,Yes,Yes,No,No
Daraina sportive lemur,Yes,No,Yes,Yes,Yes,No,Yes,Yes,Yes,No,No
Fleurete's sportive lemur,Yes,No,Yes,Yes,Yes,No,Yes,Yes,Yes,No,No
Gray-backed sportive lemur,Yes,No,Yes,Yes,Yes,No,Yes,Yes,Yes,No,No
Grewcock's sportive lemur,Yes,No,Yes,Yes,Yes,No,Yes,Yes,Yes,No,No
Hawks' sportive lemur,Yes,No,Yes,Yes,Yes,No,Yes,Yes,Yes,No,No
Holland's sportive lemur,Yes,No,Yes,Yes,Yes,No,Yes,Yes,Yes,No,No
Hubbard's sportive lemur,Yes,No,Yes,Yes,Yes,No,Yes,Yes,Yes,No,No
James' sportive lemur,Yes,No,Yes,Yes,Yes,No,Yes,Yes,Yes,No,No
Milne-Edwards' sportive lemur,Yes,No,Yes,Yes,Yes,No,Yes,Yes,Yes,No,No
Northern sportive lemur,Yes,No,Yes,Yes,Yes,No,Yes,Yes,Yes,No,No
Otto's sportive lemur,Yes,No,Yes,Yes,Yes,No,Yes,Yes,Yes,No,No
Petter's sportive lemur,Yes,No,Yes,Yes,Yes,No,Yes,Yes,Yes,No,No
Randrianasolo's sportive lemur,Yes,No,Yes,Yes,Yes,No,Yes,Yes,Yes,No,No
Red-tailed sportive lemur,Yes,No,Yes,Yes,Yes,No,Yes,Yes,Yes,No,No
Sahamalaza sportive lemur,Yes,No,Yes,Yes,Yes,No,Yes,Yes,Yes,No,No
Scott's sportive lemur,Yes,No,Yes,Yes,Yes,No,Yes,Yes,Yes,No,No
Seal's sportive lemur,Yes,No,Yes,Yes,Yes,No,Yes,Yes,Yes,No,No
Small-toothed sportive lemur,Yes,No,Yes,Yes,Yes,No,Yes,Yes,Yes,No,No
Weasel sportive lemur,Yes,No,Yes,Yes,Yes,No,Yes,Yes,Yes,No,No
White-footed sportive lemur,Yes,No,Yes,Yes,Yes,No,Yes,Yes,Yes,No,No
Wright's sportive lemur,Yes,No,Yes,Yes,Yes,No,Yes,Yes,Yes,No,No
